{"gbDKuQgUx702LNS95RyMNg==":"mbr-1.jpg","04sx91A9OFPVfnHsr0CBug==":"mbr-2.jpg","vx1HCfMmqDU+s7Eui2JRdg==":"mbr-3.jpg","KZ9bLk9AH2ZsJ75m1vIHgA==":"mbr.png","Y3vQ9NrQmNgUekrM4H/8nA==":"mbr-3.jpeg","4jMTBEKvtHt4yLp64yJ7rQ==":"mbr-4.jpg","vlgcUSC18u1mj5K5ihrfAw==":"mbr-7.jpg","tTz86reHysGEwhEcX5uwVA==":"mbr-8.jpg","HPvps2PYs2xvCuXnWbZ9Hw==":"mbr-8.jpeg","KF+Wa3qUz9G/nA/BRqWBHw==":"mbr.jpeg","LsH5lvBYKniR4SADVP1NTQ==":"mbr-9.jpeg","xvEZoRtTpRo8PQiyUW4s5Q==":"mbr-10.jpg","IDI+CXQpTCod/TkNrC3CYQ==":"mbr.jpg","X0NkBDGMu+zd4PYMoLSDwA==":"mbr-5.jpg","wX76oSpNBIHut/EW6vVidQ==":"mbr-1.jpeg","kBWcS24dsvzugKxtOJfDkA==":"mbr-10.jpeg","t7goyBs1416OJCdd36DcMw==":"220977_or-1200x795.jpg","qwyQFf+i14qjTbPIODquyA==":"2021-02-03-2--saint-valentine-2000x1150.jpg","oRykAiO0rUD++7AmPeEwUg==":"background1.jpg","L9EfJi60u2J/HIpPu91ecQ==":"photo16754947702-1000x1000-1-816x816.jpg","nF0hOCFGsf94j2cPR/6QwA==":"xxxl-960x1280.jpg","n1dx+NZv3qks526xC0hZ5Q==":"background13.jpg","Vb7GgbMoe0curpGYBParsg==":"background3.jpg","Cesjxe6cW0NYFSAP4kiRig==":"features1-1.jpg","tSz+MzvooTIrddHeMPUhnw==":"44-726x968.jpg","CqYnFUGovXGzNxYknYQ98g==":"11-726x968.jpg","czjQrXi8gNQU6k/BRZ15lA==":"22-726x968.jpg","9d7Cl0IaIE03R3t28fXSsA==":"33-726x968.jpg","703jGkvtoXpxbZTG7S89UA==":"features2-1.jpg","HUfpc9SvDwBk7sbVG2SgiA==":"features3-1.jpg","WeIcOp+qLfFEPxVAXUUAEA==":"features4-1.jpg","xnb8QaFD31VHoZkKRT32ng==":"444xxxl-960x1280.jpg","SNIxEMSMaK7mJT3AIltYUA==":"3a3bbb2da33a6d63feba1ec9a1bbccae-533x533.jpg","LdXGIJlQ0IyNDGU/X7x6oQ==":"cgp6y2hmuo0erri67dem6eyoprq6l272-533x533.jpg","YR/WIk8fmlAx8kBbsaDV+Q==":"0abcbdef56c4e9707416c4a657e935e2-1-448x318.jpg","26kNANs4r0Ajy1Z7Jh80Vg==":"konsultatsiya-816x544.jpg","Nu8TJfWjrwi1q8xSqyoMLQ==":"otmena-sudebnyh-prikazov-816x495.jpg","XgjHzRUGBZjZJgu2CpuHbQ==":"otmena-zaochnogo-resheniya-suda-816x543.jpg","mHORW0ykdG8H6CquiAAlBA==":"background4.jpg","7BIukUxIm7hPKw5ygbWb9w==":"img-8011-1200x801.jpg","Q3Iy98t36yM/pkqXwvrg8Q==":"background7.jpg","FOB/5jybSITqYhB4SQtUOQ==":"tild3365-6164-4236-b337-386135636636__img-20220824-wa0018-609x875.jpg","p/e82nZsyL9duj4zy8JHgQ==":"tild3030-6136-4339-b433-393435326564__molly1-609x881.jpg","UzPtBoYfc4g/WeIOgLbC1w==":"tild3039-3466-4463-a339-613433373662__1-1-4-scaled-609x903.jpg","djn9eKXKfI7eG9XvTZdLeA==":"tild3561-3561-4938-a438-643165623463__dina1-609x907.jpg","bTufeQXWe2tIGeBRnRldEw==":"tild3863-6461-4531-b631-626436386465__photo_2021-06-21_13--609x944.jpg","pFVlSO59hymT6X2JQ9Z0AQ==":"tild6366-3137-4339-b233-636339353265__jessika1-1-609x461.jpg","qb9mf64u6aHHeT7oci9GzA==":"tild6635-3864-4431-a132-366339313861__photo_2021-05-11_15--609x915.jpg","GDJvSn9aPfJkGSHziFetmQ==":"2668ff30-e62d-47eb-8375-ed7e773b6fd7-738x984.jpg","K3VX9Nf5wWZgFjhXesHk3Q==":"tild3061-6631-4132-b935-346639616338__1635283832_5-siskins-1076x1615.jpg","uHe8INzjaJAGbb9f6qW0Vg==":"gjhg7-scaled.jpg-886x1181.jpg","d8XtlE46gAYvEsemrfqBWQ==":"1.jpg-559x658.jpg","eD1LTL7nGovFj7DdNmUO0A==":"110c63067efad2cc240b01f75852f9aa-full.jpg-738x923.jpg","H7GN9vjFPLtc84jUVkGVAQ==":"273a9d5990289348c55fdb0359c9bee5.jpg-738x1107.jpg","qsQzdDz8xyoFDE84aLhWsg==":"8qoj8tkomga.jpg-720x1080.jpg","vcUQti7iBexCRNPRJaNJUA==":"0ce9f2720ecb168fc010b55b5ba381bb.jpg-886x1327.jpg"}